sep=;
Run time (s);Round;Exception;deadline;Agreement;Discounted;#agreeing;min.util.;max.util.;Dist. to Pareto;Dist. to Nash;Social Welfare;Agent 1;Agent 2;Utility 1;Utility 2;Disc. Util. 1;Disc. Util. 2;Perceived. Util. 1;Perceived. Util. 2;User Bother 1;User Bother 2;User Util. 1;User Util. 2;Profile 1;Profile 2
0.044;55;;60rounds;Yes;No;2;0.44046;0.81043;0.17327;0.48882;1.25089;BoulwareNegotiationParty@0;BoulwareNegotiationParty@1;0.8104286283602155;0.4404567084716781;0.8104286283602155;0.4404567084716781;0.6666666666666666;0.5;0.0;0.0;0.8104286283602155;0.4404567084716781;party1_utility.xml;party2_utility.xml
0.386;60;;60rounds;Yes;No;2;0.36906;0.93664;0.07533;0.57977;1.30570;Agent1@2;BoulwareNegotiationParty@3;0.9366354992069572;0.36906489777895946;0.9366354992069572;0.36906489777895946;0.8333333333333333;0.3333333333333333;0.0;0.0;0.9366354992069572;0.36906489777895946;party1_utility.xml;party2_utility.xml
0.386;60;;60rounds;Yes;No;2;0.54932;0.74113;0.28100;0.30101;1.29045;BoulwareNegotiationParty@4;Agent1@5;0.5493229450903909;0.741127044453157;0.5493229450903909;0.741127044453157;0.16666666666666666;0.6666666666666666;0.0;0.0;0.5493229450903909;0.741127044453157;party1_utility.xml;party2_utility.xml
0.853;61;;60rounds;No;No;1;0.00000;0.00000;1.03606;1.21584;0.00000;Agent1@6;Agent1@7;0.0;0.0;0.0;0.0;0.0;0.0;0.0;0.0;0.0;0.0;party1_utility.xml;party2_utility.xml
